District;2024;DS TB patients who were lost to follow up;All DS TB patients in cohort
!Kheis LM: NC084;11,5;15;131
A Nzo DM: DC44;7,1;187;2644
Abaqulusi LM: KZN263;0,86;6;699
Alfred Duma LM: KZN238;5,5;47;849
Amahlathi LM: EC124;6,5;43;663
Amajuba DM: DC25;4,7;90;1916
Amathole DM: DC12;7,1;369;5231
Ba-Phalaborwa LM: LIM334;6;14;234
Beaufort West LM: WC053;12,1;77;639
Bela-Bela LM: LIM366;0,67;1;149
Bergrivier LM: WC013;11,3;71;628
Big 5 Hlabisa LM: KZN276;0,6;3;499
Bitou LM: WC047;16,9;79;468
Bloemfontein SD: MAN_Bloem;7,2;139;1922
Blouberg LM: LIM351;0,34;1;297
Blue Crane Route LM: EC102;9;34;376
Bojanala Platinum DM: DC37;4,7;142;3009
Botshabelo SD: MAN_Bot;4;26;646
Breede Valley LM: WC025;14,5;295;2029
Buffalo City MM: BUF;6,8;476;7006
Buffalo City MM: BUF_MM;6,8;476;7006
Buffalo City SD: BUF_SD;6,8;476;7006
Bushbuckridge LM: MP325;3,3;52;1587
C Hani DM: DC13;11;367;3340
Cape Agulhas LM: WC033;22,7;62;273
Cape Town MM: CPT;14,5;3654;25202
Cape Town MM: CPT_MM;14,5;3654;25202
Cape Winelands DM: DC2;12,7;1025;8091
Capricorn DM: DC35;0,79;18;2288
Cederberg LM: WC012;21,4;137;639
Central Karoo DM: DC5;14,4;132;918
Chief Albert Luthuli LM: MP301;3,6;16;443
City of Ekurhuleni MM: EKU;3,3;239;7294
City of Matlosana LM: NW403;1,3;21;1638
City of Mbombela LM: MP326;3,5;73;2088
City of uMhlathuze LM: KZN282;2,6;56;2116
Collins Chabane LM: LIM345;0,58;2;344
CT Eastern SD: CPT_East;16,4;648;3943
CT Khayelitsha SD: CPT_Khaye;11,3;417;3688
CT Klipfontein SD: CPT_Klip;15,2;468;3073
CT Mitch Plain SD: CPT_Mitch;11;357;3249
CT Northern SD: CPT_North;15,7;345;2195
CT Southern SD: CPT_South;15,4;349;2268
CT Tygerberg SD: CPT_Tyger;15,3;595;3885
CT Western SD: CPT_West;16,4;475;2901
Dannhauser LM: KZN254;2,1;5;238
Dawid Kruiper LM: NC087;7,3;64;882
Dihlabeng LM: FS192;3,6;15;413
Dikgatlong LM: NC092;0,63;2;317
Dipaleseng LM: MP306;4,8;4;83
Ditsobotla LM: NW384;4,9;28;569
Dr B Naude LM: EC101;7,8;51;656
Dr JS Moroka LM: MP316;2,2;12;542
Dr K Kaunda DM: DC40;3;90;3010
Dr N Dlamini Zuma LM: KZN436;3,1;9;289
Dr Pixley Ka Isaka Seme LM: MP304;1,2;3;251
Drakenstein LM: WC023;9,9;217;2199
E Motsoaledi LM: LIM472;5;29;579
Eastern Cape: EC;9,9;4404;44457
eDumbe LM: KZN261;0,95;2;211
Ehlanzeni DM: DC32;2,9;160;5453
Ekurhuleni E1 SD: EKU_E1;2,1;26;1232
Ekurhuleni E2 SD: EKU_E2;2,1;23;1089
Ekurhuleni N1 SD: EKU_N1;2,4;30;1246
Ekurhuleni N2 SD: EKU_N2;2,8;31;1091
Ekurhuleni S1 SD: EKU_S1;3;49;1651
Ekurhuleni S2 SD: EKU_S2;8,1;80;985
Elundini LM: EC141;8,9;59;660
Emadlangeni LM: KZN253;5,3;13;246
Emakhazeni LM: MP314;2,9;5;171
Emalahleni LM: EC136;8,3;39;471
Emalahleni LM: MP312;7,1;62;878
Emfuleni LM: GT421;4,9;110;2242
Emthanjeni LM: NC073;13,9;42;303
Endumeni LM: KZN241;0,47;1;214
Engcobo LM: EC137;16;80;499
Enoch Mgijima LM: EC139;10,2;88;863
Ephraim Mogale LM: LIM471;9,6;30;311
eThekwini MM Sub: ETH_MM;6,6;1158;17653
eThekwini MM: ETH;6,6;1158;17653
Fetakgomo Tubatse LM: LIM476;7,4;49;666
Fezile Dabi DM: DC20;7,4;128;1722
Frances Baard DM: DC9;8,6;222;2579
Free State: FS;7,4;666;9007
G Sibande DM: DC30;3,5;90;2579
Gamagara LM: NC453;27,9;34;122
Garden Route DM: DC4;18;986;5479
Ga-Segonyana LM: NC452;8,3;58;702
Gauteng: GP;5,2;1649;31553
George LM: WC044;18,3;363;1984
Govan Mbeki LM: MP307;6,4;48;749
Gr Kokstad LM: KZN433;3,8;17;447
Great Kei LM: EC123;14,1;29;206
Greater Giyani LM: LIM331;1,2;4;332
Greater Letaba LM: LIM332;2,6;12;457
Greater Taung LM: NW394;7,5;38;509
Greater Tzaneen LM: LIM333;3,5;34;981
Hantam LM: NC065;13,1;33;251
Harry Gwala DM: DC43;5,3;89;1682
Hessequa LM: WC042;11,7;37;316
iLembe DM: DC29;6,5;204;3120
Impendle LM: KZN224;5,7;2;35
Ingquza Hill LM: EC153;4,7;96;2049
Inkosi Langalibalele LM: KZN237;1,3;5;391
Intsika Yethu LM: EC135;8,9;42;474
Inxuba Yethemba LM: EC131;10,5;67;638
JB Marks LM: NW405;4,8;40;839
Joe Gqabi DM: DC14;9,4;153;1627
Joe Morolong LM: NC451;8,5;30;351
Johannesburg A SD: JHB_A;5,6;74;1333
Johannesburg B SD: JHB_B;4;49;1231
Johannesburg C SD: JHB_C;12,7;93;735
Johannesburg D SD: JHB_D;4,5;174;3889
Johannesburg E SD: JHB_E;4;51;1264
Johannesburg F SD: JHB_F;8,5;145;1712
Johannesburg G SD: JHB_G;8;110;1368
Johannesburg MM: JHB;6;696;11532
Johannesburg MM: JHB_MM;6;696;11532
Jozini LM: KZN272;1,7;8;458
JT Gaetsewe DM: DC45;10,4;122;1175
Kagisano-Molopo LM: NW397;4,4;24;541
Kai !Garib LM: NC082;13,6;71;521
Kamiesberg LM: NC064;10,4;7;67
Kannaland LM: WC041;13,4;45;335
Kareeberg LM: NC074;8,1;6;74
Karoo Hoogland LM: NC066;12,2;10;82
Kgatelopele LM: NC086;10,1;7;69
Kgetlengrivier LM: NW374;3,8;12;320
Khâi-Ma LM: NC067;8;8;100
King Cetshwayo DM: DC28;2,7;107;4010
King Sabata Dalindyebo LM: EC157;6;173;2898
Knysna LM: WC048;20,5;122;595
Kopanong LM: FS162;10,9;21;193
Kouga LM: EC108;14,5;207;1432
Kou-Kamma LM: EC109;17,7;93;524
KwaDukuza LM: KZN292;7,1;126;1768
KwaZulu-Natal: KZ;4,7;2034;42896
Laingsburg LM: WC051;23,5;16;68
Langeberg LM: WC026;9,4;140;1488
Lejweleputswa DM: DC18;10,6;206;1947
Lekwa LM: MP305;1,2;3;244
Lekwa-Teemane LM: NW396;4,8;14;289
Lepelle-Nkumpi LM: LIM355;0,96;4;415
Lephalale LM: LIM362;1,9;6;322
Lesedi LM: GT423;8,3;35;420
Letsemeng LM: FS161;8;16;200
Limpopo: LP;2,7;272;10103
Madibeng LM: NW372;4,2;35;843
Mafube LM: FS205;3,7;5;136
Magareng LM: NC093;2,4;3;123
Mahikeng LM: NW383;0,65;8;1224
Makana LM: EC104;11,5;79;686
Makhado LM: LIM344;1,8;18;1017
Makhuduthamaga LM: LIM473;3,1;14;445
Maluti-a-Phofung LM: FS194;6,2;51;823
Mamusa LM: NW393;1,5;4;275
Mandeni LM: KZN291;8,1;46;568
Mangaung MM: MAN;6,3;184;2924
Mangaung MM: MAN_MM;6,3;184;2924
Mantsopa LM: FS196;7,8;10;129
Maphumulo LM: KZN294;4,5;18;402
Maquassi Hills LM: NW404;5,4;29;533
Maruleng LM: LIM335;2,9;5;171
Masilonyana LM: FS181;12,1;17;140
Matatiele LM: EC441;5,7;35;618
Matjhabeng LM: FS184;10,7;144;1352
Matzikama LM: WC011;9,6;88;913
Mbhashe LM: EC121;3,5;50;1441
Mbizana LM: EC443;8;59;740
Merafong City LM: GT484;4,6;22;482
Metsimaholo LM: FS204;4,4;17;384
Mhlontlo LM: EC156;8,2;79;960
Midvaal LM: GT422;13;13;100
Mkhambathini LM: KZN226;4;4;100
Mkhondo LM: MP303;1,3;5;390
Mnquma LM: EC122;4,7;60;1278
Mogalakwena LM: LIM367;2,5;15;605
Mogale City LM: GT481;2,1;29;1362
Mohokare LM: FS163;6,4;13;203
Molemole LM: LIM353;0;0;183
Mookgophong/Modimolle LM: LIM368;2,2;5;224
Mopani DM: DC33;3,2;69;2175
Moqhaka LM: FS201;8,7;66;758
Moretele LM: NW371;6;12;200
Moses Kotane LM: NW375;4,9;24;486
Mossel Bay LM: WC043;20,8;179;861
Mpofana LM: KZN223;0;0;47
Mpumalanga: MP;3,7;409;11042
Msinga LM: KZN244;0,65;2;307
Msukaligwa LM: MP302;2,6;11;419
Msunduzi LM: KZN225;4,2;115;2770
Mthonjaneni LM: KZN285;2,2;5;224
Mtubatuba LM: KZN275;2,8;11;388
Musina LM: LIM341;2,5;5;203
N Mandela A SD: NMA_A;18,1;659;3635
N Mandela B SD: NMA_B;17,3;517;2997
N Mandela Bay MM: NMA;15;1631;10888
N Mandela Bay MM: NMA_MM;15;1631;10888
N Mandela C SD: NMA_C;10,7;455;4256
Nala LM: FS185;11,6;21;181
Naledi LM: NW392;0,26;1;392
Naledi SD: MAN_Naledi;2;1;50
Nama Khoi LM: NC062;6;15;250
Namakwa DM: DC6;10,5;90;856
Ndlambe LM: EC105;11,9;73;616
Ndwedwe LM: KZN293;3,7;14;382
Newcastle LM: KZN252;5;72;1432
Ngqushwa LM: EC126;5,1;19;375
Ngwathe LM: FS203;9;40;444
Nkandla LM: KZN286;0,52;2;381
Nkangala DM: DC31;5,3;159;3010
Nketoana LM: FS193;5,2;5;97
Nkomazi LM: MP324;2;24;1213
NM Molema DM: DC38;2,5;70;2794
Nongoma LM: KZN265;0,74;5;677
North West: NW;3,5;383;10819
Northern Cape: NC;9,5;737;7755
Nquthu LM: KZN242;0;0;306
Ntabankulu LM: EC444;9;38;422
Nyandeni LM: EC155;6,1;95;1566
Okhahlamba LM: KZN235;2,2;6;273
OR Tambo DM: DC15;6,1;530;8669
Oudtshoorn LM: WC045;17,5;161;920
Overberg DM: DC3;15,5;419;2695
Overstrand LM: WC032;10,2;79;773
Phokwane LM: NC094;10,4;57;547
Phumelela LM: FS195;12,2;6;49
Pixley Ka Seme DM: DC7;10,1;133;1319
Polokwane LM: LIM354;0,93;13;1393
Port St Johns LM: EC154;7,3;87;1196
Prince Albert LM: WC052;18,5;39;211
R Moiloa LM: NW385;5;13;261
Rand West City LM: GT485;5;24;483
Ratlou LM: NW381;0,57;2;348
Ray Nkonyeni LM: KZN216;4,7;93;1983
Raymond Mhlaba LM: EC129;13,2;168;1268
Renosterberg LM: NC075;1,2;1;82
Richmond LM: KZN227;3,2;9;277
Richtersveld LM: NC061;16;17;106
RS Mompati DM: DC39;4;81;2006
Rustenburg LM: NW373;5,1;59;1160
Sakhisizwe LM: EC138;12,9;51;395
Saldanha Bay LM: WC014;15,6;131;841
Sarah Baartman DM: DC10;13,7;691;5052
Sedibeng DM: DC42;5,7;158;2762
Sekhukhune DM: DC47;6,1;122;2001
Senqu LM: EC142;6;28;466
Setsoto LM: FS191;3,6;11;307
Siyancuma LM: NC078;8,7;21;241
Siyathemba LM: NC077;6,6;12;183
Sol Plaatje LM: NC091;10,1;160;1592
South Africa: ZA;8,1;17359;213950
Stellenbosch LM: WC024;14,1;178;1258
Steve Tshwete LM: MP313;4,7;23;491
Sundays River Valley LM: EC106;20,2;154;762
Swartland LM: WC015;17,8;162;912
Swellendam LM: WC034;11,2;46;409
T Mofutsanyana DM: DC19;5,4;98;1818
Thaba Chweu LM: MP321;1,9;11;565
Thaba N'chu SD: MAN_Thaba;5,9;18;306
Thabazimbi LM: LIM361;1,3;2;150
Theewaterskloof LM: WC031;18,7;232;1240
Thembelihle LM: NC076;3,5;4;115
Thembisile Hani LM: MP315;5,3;37;698
Thulamela LM: LIM343;1,4;9;625
Tokologo LM: FS182;4,4;4;91
Tsantsabane LM: NC085;5,8;13;223
Tshwane 1 SD: TSH_1;5,6;132;2359
Tshwane 2 SD: TSH_2;4,8;45;944
Tshwane 3 SD: TSH_3;5,2;114;2205
Tshwane 4 SD: TSH_4;11,7;39;333
Tshwane 5 SD: TSH_5;12,5;48;384
Tshwane 6 SD: TSH_6;6,8;76;1120
Tshwane 7 SD: TSH_7;9,2;27;293
Tshwane MM: TSH;6,3;481;7638
Tshwane MM: TSH_MM;6,3;481;7638
Tswaing LM: NW382;4,8;19;392
Tswelopele LM: FS183;10,9;20;183
Ubuhlebezwe LM: KZN434;7,4;29;393
Ubuntu LM: NC071;12,8;16;125
Ugu DM: DC21;3,5;136;3903
Ulundi LM: KZN266;1,5;8;537
Umdoni LM: KZN212;0,71;6;850
uMfolozi LM: KZN281;4,5;11;242
uMgungundlovu DM: DC22;3,9;141;3616
Umhlabuyalingana LM: KZN271;0,47;2;426
uMkhanyakude DM: DC27;1,4;24;1771
uMlalazi LM: KZN284;3,2;33;1047
uMngeni LM: KZN222;2;3;153
uMshwathi LM: KZN221;3,4;8;234
Umsobomvu LM: NC072;15,8;31;196
uMuziwabantu LM: KZN214;4,3;22;517
Umvoti LM: KZN245;0;0;276
Umzimkhulu LM: KZN435;6,1;34;553
Umzimvubu LM: EC442;6,4;55;864
uMzinyathi DM: DC24;0,27;3;1103
Umzumbe LM: KZN213;2,7;15;553
uPhongolo LM: KZN262;0,62;3;485
uThukela DM: DC23;3,8;58;1513
Vhembe DM: DC34;1,6;34;2189
Victor Khanye LM: MP311;8,7;20;230
Walter Sisulu LM: EC145;13,2;66;501
Waterberg DM: DC36;2;29;1450
West Coast DM: DC1;15;589;3933
West Rand DM: DC48;3,2;75;2327
Western Cape: WC;14,7;6805;46318
Witzenberg LM: WC022;17,5;195;1117
Xhariep DM: DC16;8,4;50;596
ZF Mgcawu DM: DC8;9,3;170;1826
Zululand DM: DC26;0,92;24;2609
