District;2018;2019;2020;2021;2022;2023;2024
!Kheis LM: NC084;13;12,7;15,6;19,7;12,4;14,7;11,5
A Nzo DM: DC44;8,6;5,3;6;6,4;6,3;8;7,1
Abaqulusi LM: KZN263;2,5;2,8;2,4;2,2;2,6;2,1;0,86
Alfred Duma LM: KZN238;11,4;5,7;4,1;5,2;6,1;6,7;5,5
Amahlathi LM: EC124;6,9;5,7;5,3;7,7;10,2;8,7;6,5
Amajuba DM: DC25;8,6;9,1;6,6;7,9;5,1;4,2;4,7
Amathole DM: DC12;9,4;7,7;8,2;9,3;12,2;9,7;7,1
Ba-Phalaborwa LM: LIM334;5,6;3,2;3;3,7;5,3;6,8;6
Beaufort West LM: WC053;13,3;12,6;12,3;17;13,4;11,4;12,1
Bela-Bela LM: LIM366;0;2,1;0;2,8;3,6;2,3;0,67
Bergrivier LM: WC013;10,5;7,2;6;9,3;17,3;15,8;11,3
Big 5 Hlabisa LM: KZN276;2,1;2;1,7;2,8;2,1;1,5;0,6
Bitou LM: WC047;15,4;13,4;10,3;15,7;22,1;18,8;16,9
Bloemfontein SD: MAN_Bloem;13,4;10,5;11;10;11;10,9;7,2
Blouberg LM: LIM351;6,5;7,3;7,6;5;3,4;1,7;0,34
Blue Crane Route LM: EC102;13,5;9,6;7,6;11,5;14,9;9,6;9
Bojanala Platinum DM: DC37;13,4;9,3;8,7;7;6;5,5;4,7
Botshabelo SD: MAN_Bot;6;7,2;11,4;11;12,6;7,4;4
Breede Valley LM: WC025;23,9;43,4;18,3;26,6;18,8;16,5;14,5
Buffalo City MM: BUF;20,2;22,5;21,7;14,6;10,2;9,5;6,8
Buffalo City MM: BUF_MM;20,2;22,5;21,7;14,6;10,2;9,5;6,8
Buffalo City SD: BUF_SD;20,2;22,5;21,7;14,6;10,2;9,5;6,8
Bushbuckridge LM: MP325;5,3;8;6,9;4,5;5,9;4;3,3
C Hani DM: DC13;11,9;11,2;12,5;12,1;15,3;11,9;11
Cape Agulhas LM: WC033;12,9;7,1;11,6;19,5;24,3;28,6;22,7
Cape Town MM: CPT;18,2;13,3;14,1;17,5;23,6;19,6;14,5
Cape Town MM: CPT_MM;18,2;13,3;14,1;17,5;23,6;19,6;14,5
Cape Winelands DM: DC2;19,4;26,4;16,2;18,4;16,4;16,1;12,7
Capricorn DM: DC35;7,4;4,5;6,1;4,7;3,2;1,9;0,79
Cederberg LM: WC012;12,7;8,2;18,7;21,4;20,5;22,2;21,4
Central Karoo DM: DC5;14,1;11,7;12;19,9;18,2;13;14,4
Chief Albert Luthuli LM: MP301;7,7;3,7;6,2;3,9;5;6;3,6
City of Ekurhuleni MM: EKU;8,3;5,5;4,6;3,2;2,5;3,2;3,3
City of Matlosana LM: NW403;17,4;9,9;7,6;5,5;3,9;4,6;1,3
City of Mbombela LM: MP326;10,6;8,8;5,8;3,8;5,6;6,2;3,5
City of uMhlathuze LM: KZN282;10,5;8,9;9,2;8,5;6,5;4,2;2,6
Collins Chabane LM: LIM345;13,5;9,6;10,5;6,3;5,4;4;0,58
CT Eastern SD: CPT_East;25,6;13,8;16,3;17,1;22,3;23;16,4
CT Khayelitsha SD: CPT_Khaye;14,8;13,9;13,5;20,4;22,3;18,7;11,3
CT Klipfontein SD: CPT_Klip;16,6;10,5;14,6;18,1;28,7;19,5;15,2
CT Mitch Plain SD: CPT_Mitch;9,1;8,2;7,7;10,8;20,4;14,5;11
CT Northern SD: CPT_North;25,8;14,9;13,5;18,1;31,1;21,8;15,7
CT Southern SD: CPT_South;15,8;14,3;14,8;17,1;23,7;19,3;15,4
CT Tygerberg SD: CPT_Tyger;20,6;17,8;18,2;21,9;23,8;18,3;15,3
CT Western SD: CPT_West;22,9;13,3;15,5;16;19,8;21,9;16,4
Dannhauser LM: KZN254;6,8;5,8;12,6;10,6;4,6;3,4;2,1
Dawid Kruiper LM: NC087;6,3;10,7;12,7;11,6;10,1;11,6;7,3
Dihlabeng LM: FS192;15,1;7,8;4,9;7;11,2;9,6;3,6
Dikgatlong LM: NC092;9,9;12,3;16,8;14,2;8,1;2,5;0,63
Dipaleseng LM: MP306;9,1;6,4;12,1;3,5;4;5,2;4,8
Ditsobotla LM: NW384;11,4;9,9;10,2;10,3;5,2;5,6;4,9
Dr B Naude LM: EC101;10,5;9;10,6;9,4;10;10,8;7,8
Dr JS Moroka LM: MP316;8,3;9,5;6,8;8,2;8,5;6,2;2,2
Dr K Kaunda DM: DC40;20,1;11,8;8,5;5,3;4,4;5;3
Dr N Dlamini Zuma LM: KZN436;3,8;5,8;4;1,7;2,1;4,8;3,1
Dr Pixley Ka Isaka Seme LM: MP304;12,1;11,4;10,3;8,8;4,1;7;1,2
Drakenstein LM: WC023;15,2;19,2;14,3;15,6;14,9;14,5;9,9
E Motsoaledi LM: LIM472;8,5;8,1;6;3,9;6,4;4,4;5
Eastern Cape: EC;12,9;12,3;12,7;12,3;12,7;12,3;9,9
eDumbe LM: KZN261;1,2;3,3;3,7;3,3;0,84;1,5;0,95
Ehlanzeni DM: DC32;7,7;7,3;5,2;3,7;4,9;4,5;2,9
Ekurhuleni E1 SD: EKU_E1;6,5;4,3;6,3;3,5;2;2,2;2,1
Ekurhuleni E2 SD: EKU_E2;4,3;4,3;2,3;2,2;0,96;2,4;2,1
Ekurhuleni N1 SD: EKU_N1;3,8;3,5;3;1,9;2,4;1,6;2,4
Ekurhuleni N2 SD: EKU_N2;7,3;3,2;3,3;2,2;2,1;3,3;2,8
Ekurhuleni S1 SD: EKU_S1;12,6;8,1;4,1;3;3,2;3;3
Ekurhuleni S2 SD: EKU_S2;13,7;10,5;10,6;7,6;4,8;7,7;8,1
Elundini LM: EC141;9,7;14,9;11,4;9,9;10;10,2;8,9
Emadlangeni LM: KZN253;5,4;4,4;8,6;5,3;2,1;4,2;5,3
Emakhazeni LM: MP314;6,7;6,6;1,8;1,6;0,73;0,61;2,9
Emalahleni LM: EC136;10,4;7,5;9,5;12;14,5;9,4;8,3
Emalahleni LM: MP312;13,5;13,5;16,9;14,1;13,2;11;7,1
Emfuleni LM: GT421;10,8;8,7;8,7;9,2;7,7;6,8;4,9
Emthanjeni LM: NC073;11,5;14;23,6;15,1;18,9;16,5;13,9
Endumeni LM: KZN241;1,8;3,7;2,8;1;0;0,71;0,47
Engcobo LM: EC137;15,1;12,9;13,2;12,5;20,4;16,5;16
Enoch Mgijima LM: EC139;11,9;15,9;16,1;9,7;12,8;10,3;10,2
Ephraim Mogale LM: LIM471;5,9;8,7;5;3,8;9,3;9,6;9,6
eThekwini MM Sub: ETH_MM;12,7;10,1;7,1;7,7;9,3;8,9;6,6
eThekwini MM: ETH;12,7;10,1;7,1;7,7;9,3;8,9;6,6
Fetakgomo Tubatse LM: LIM476;8,5;7,5;6,4;5,3;4,4;4,1;7,4
Fezile Dabi DM: DC20;6,7;7,7;11,7;13,5;11,2;11,3;7,4
Frances Baard DM: DC9;14,4;16;18,2;18,3;15,3;11,4;8,6
Free State: FS;10,1;9,4;10,8;11,8;10,7;9,9;7,4
G Sibande DM: DC30;12,4;10,7;9,5;7,2;5,1;5,5;3,5
Gamagara LM: NC453;26,8;48,2;35;24;32;52;27,9
Garden Route DM: DC4;17,8;16,1;19,5;16,5;18,5;19,6;18
Ga-Segonyana LM: NC452;30;22,5;23;27,9;11,1;11,8;8,3
Gauteng: GP;10;8,2;6,8;5,7;6;6;5,2
George LM: WC044;18,2;16,4;20,5;18,4;19;19,7;18,3
Govan Mbeki LM: MP307;10,9;11,9;9;11,4;6,8;6,4;6,4
Gr Kokstad LM: KZN433;15,2;15;8,6;10,2;12,4;8,7;3,8
Great Kei LM: EC123;14,1;11,9;14;15,1;22,5;16,3;14,1
Greater Giyani LM: LIM331;5,1;5,1;2,9;5;2,5;1,1;1,2
Greater Letaba LM: LIM332;7,9;7,5;7,5;6,5;7,4;5,3;2,6
Greater Taung LM: NW394;14,6;18,6;14,4;10,1;9,3;9,9;7,5
Greater Tzaneen LM: LIM333;13,8;4,8;4,7;4,7;5,2;5,5;3,5
Hantam LM: NC065;7,7;9,3;11,2;8,5;6,3;12,9;13,1
Harry Gwala DM: DC43;8,3;8,1;6,2;7,5;8,2;6,9;5,3
Hessequa LM: WC042;14,7;8,1;6,5;6;11,3;9,7;11,7
iLembe DM: DC29;14,2;14;16,5;16,6;11,5;9;6,5
Impendle LM: KZN224;5,5;7,4;1,9;6,1;0;3,3;5,7
Ingquza Hill LM: EC153;9,3;7,1;8,8;5,3;5,6;4,9;4,7
Inkosi Langalibalele LM: KZN237;8,1;7;5,8;5;5,6;6,1;1,3
Intsika Yethu LM: EC135;8,4;8,8;10,2;16,1;16,5;14,3;8,9
Inxuba Yethemba LM: EC131;15;9,9;14,8;16,3;18;12,5;10,5
JB Marks LM: NW405;23,3;15,2;11,3;5;4,8;4,9;4,8
Joe Gqabi DM: DC14;12,2;14,2;12,1;9,2;11,4;10,8;9,4
Joe Morolong LM: NC451;11,3;16,2;15,6;15,2;11,9;12,5;8,5
Johannesburg A SD: JHB_A;4,5;5,7;4,4;5,5;6,6;5,6;5,6
Johannesburg B SD: JHB_B;5,1;9;9,5;4;2,8;4,9;4
Johannesburg C SD: JHB_C;8,3;8,8;8,4;8,2;12,7;11,5;12,7
Johannesburg D SD: JHB_D;10,1;8,6;6,8;4,8;8,1;5,6;4,5
Johannesburg E SD: JHB_E;5,9;6,4;3,8;2,7;3,1;5,6;4
Johannesburg F SD: JHB_F;10,3;12,7;7,2;9,3;11,6;8,1;8,5
Johannesburg G SD: JHB_G;11,5;11,7;13,4;11,2;10,6;9,7;8
Johannesburg MM: JHB;9;9,2;7,7;6,5;7,8;7;6
Johannesburg MM: JHB_MM;9;9,2;7,7;6,5;7,8;7;6
Jozini LM: KZN272;3,1;4,2;4,1;2,2;1,7;0,35;1,7
JT Gaetsewe DM: DC45;17,6;26,7;21,6;21,7;16,5;19,6;10,4
Kagisano-Molopo LM: NW397;9,2;9,2;12,9;8,7;6,8;4,1;4,4
Kai !Garib LM: NC082;15,6;14,7;17,5;19,6;20,1;20,4;13,6
Kamiesberg LM: NC064;8,6;5,7;11,9;7,6;13,5;7,2;10,4
Kannaland LM: WC041;14;13;12,9;21,3;18,5;24,2;13,4
Kareeberg LM: NC074;1,1;8,1;5,5;11,3;11,8;12,5;8,1
Karoo Hoogland LM: NC066;5,9;11,5;10,4;7,1;7,7;25,9;12,2
Kgatelopele LM: NC086;9,1;4,7;10,3;31,6;30,3;15,1;10,1
Kgetlengrivier LM: NW374;17,8;13,5;8,7;5,3;2,4;2,3;3,8
Khâi-Ma LM: NC067;5,1;8,2;3;3,3;11,7;17,5;8
King Cetshwayo DM: DC28;9,7;8,2;8,4;8,8;6,7;4,6;2,7
King Sabata Dalindyebo LM: EC157;18;15,3;13,3;11,8;14;10;6
Knysna LM: WC048;24,9;20;23,7;22,3;18,9;23,7;20,5
Kopanong LM: FS162;13;6,4;13,2;13,6;8,4;8,1;10,9
Kouga LM: EC108;20;15,4;21,4;20,9;22,1;23,3;14,5
Kou-Kamma LM: EC109;16,3;16,6;15,2;19,7;17,3;20,1;17,7
KwaDukuza LM: KZN292;15,2;15,2;20;21;12,4;9,8;7,1
KwaZulu-Natal: KZ;9,8;8,4;7,4;7,7;7,1;6,4;4,7
Laingsburg LM: WC051;24,4;11,3;13,3;16,3;17,5;17,2;23,5
Langeberg LM: WC026;14;11;13,6;11,1;12,6;11,3;9,4
Lejweleputswa DM: DC18;13,3;13,6;11,6;14,6;12,4;10,8;10,6
Lekwa LM: MP305;32;21,3;7,8;3,2;2,1;3,3;1,2
Lekwa-Teemane LM: NW396;13;12,2;16,7;15,8;14,1;8,7;4,8
Lepelle-Nkumpi LM: LIM355;4,2;2,8;5,9;3,9;4,7;3,6;0,96
Lephalale LM: LIM362;5;3,4;6;9,4;7,3;4,7;1,9
Lesedi LM: GT423;11,4;3,2;6,3;11;5;11,8;8,3
Letsemeng LM: FS161;8,2;12,6;23,9;24,8;14,5;15,6;8
Limpopo: LP;8,5;6,2;5,5;4,8;4,5;3,6;2,7
Madibeng LM: NW372;12,4;10,1;9,7;6,3;7,3;4,9;4,2
Mafube LM: FS205;1,9;3,4;6,9;5,6;7,9;5,1;3,7
Magareng LM: NC093;15,3;5,9;5,3;13;5,2;2,9;2,4
Mahikeng LM: NW383;9,1;8;5,8;5,1;1,1;0,27;0,65
Makana LM: EC104;11,4;16,2;17,6;20,4;16,2;13,7;11,5
Makhado LM: LIM344;11,2;8,2;4,5;3,4;4,9;3,8;1,8
Makhuduthamaga LM: LIM473;11;7,3;7,3;4,6;6;4,3;3,1
Maluti-a-Phofung LM: FS194;7,7;5,5;5,7;5,4;5,4;5,1;6,2
Mamusa LM: NW393;15,7;17,8;8,2;5,6;3,6;3,8;1,5
Mandeni LM: KZN291;16,8;17,1;14,5;14,6;13;11,2;8,1
Mangaung MM: MAN;11,1;9,4;11;10,6;11,1;10;6,3
Mangaung MM: MAN_MM;11,1;9,4;11;10,6;11,1;10;6,3
Mantsopa LM: FS196;8,7;12;15,5;13,5;12,1;9,2;7,8
Maphumulo LM: KZN294;11,2;10,6;9,3;7,9;5,9;6,1;4,5
Maquassi Hills LM: NW404;22,8;12,4;6,5;5;5;6,2;5,4
Maruleng LM: LIM335;1,8;2;1,1;1,9;0,67;5,9;2,9
Masilonyana LM: FS181;6,9;8;8,1;11,4;7,6;9,3;12,1
Matatiele LM: EC441;15,4;6,9;7,2;5,3;8,5;7,6;5,7
Matjhabeng LM: FS184;13,8;13,1;11,2;14,6;13,3;10,6;10,7
Matzikama LM: WC011;8,2;10,2;9,9;14,1;11,4;13;9,6
Mbhashe LM: EC121;4;5,3;5;5;6,5;4;3,5
Mbizana LM: EC443;8,9;5,6;5,6;7;6,4;8,8;8
Merafong City LM: GT484;8,9;4,7;3,2;2,4;3,5;5,5;4,6
Metsimaholo LM: FS204;8,7;4,3;7,3;9,7;10,6;9,1;4,4
Mhlontlo LM: EC156;19,1;16,7;12,5;8,5;12,9;9,9;8,2
Midvaal LM: GT422;21,8;19,5;27,3;11,6;7,6;11,6;13
Mkhambathini LM: KZN226;6,7;6,7;9,6;8,2;5,6;1,9;4
Mkhondo LM: MP303;8,2;7;6,2;2,1;2,8;4,7;1,3
Mnquma LM: EC122;10,4;7,5;5,8;8,9;13,7;9;4,7
Mogalakwena LM: LIM367;9,8;6,9;6,3;5,7;5,3;2,8;2,5
Mogale City LM: GT481;4,6;1,4;2,5;2,5;3,8;2,5;2,1
Mohokare LM: FS163;8,6;12,9;13,3;13,3;6,8;15,7;6,4
Molemole LM: LIM353;2,7;0,48;0;0;0;0;0
Mookgophong/Modimolle LM: LIM368;8,3;9,6;7,5;12,9;5,7;1,2;2,2
Mopani DM: DC33;9;4,8;4,1;4,6;4,5;4,9;3,2
Moqhaka LM: FS201;6,1;10,9;16,7;15,1;13,1;14,3;8,7
Moretele LM: NW371;9,7;7,2;6,3;8,1;8,5;8,4;6
Moses Kotane LM: NW375;12,8;8,9;7,4;10,9;5,3;7,3;4,9
Mossel Bay LM: WC043;14,5;19,8;20,5;11,2;18,9;20,4;20,8
Mpofana LM: KZN223;2,7;2,1;4,8;4,2;8,8;0;0
Mpumalanga: MP;10;9,2;7,6;5,7;6;5,6;3,7
Msinga LM: KZN244;0,64;0,75;0,38;0;0,7;0,53;0,65
Msukaligwa LM: MP302;21,2;14,2;20,4;11,6;9;4,2;2,6
Msunduzi LM: KZN225;8,8;6,2;7,8;6,7;5,8;6,3;4,2
Mthonjaneni LM: KZN285;8,9;7,4;8,4;11,1;8,3;5,6;2,2
Mtubatuba LM: KZN275;6,5;5,8;8,1;6,7;4,6;4,2;2,8
Musina LM: LIM341;22,3;20,6;10,7;7,9;2,8;0;2,5
N Mandela A SD: NMA_A;10,5;11,3;12,8;14,9;16,9;19,3;18,1
N Mandela B SD: NMA_B;11,2;9,1;9,2;16,4;15,8;18,1;17,3
N Mandela Bay MM: NMA;10,3;10,8;12,3;14,7;14,9;16,8;15
N Mandela Bay MM: NMA_MM;10,3;10,8;12,3;14,7;14,9;16,8;15
N Mandela C SD: NMA_C;9,5;11,5;14,1;13;12,3;13,4;10,7
Nala LM: FS185;16,4;20,1;14,2;18,2;10,5;13,9;11,6
Naledi LM: NW392;14,7;14,5;9,9;8;3,1;1,7;0,26
Naledi SD: MAN_Naledi;15,8;7,1;6,1;19,5;7,8;3,9;2
Nama Khoi LM: NC062;9,2;4,6;7,8;5,4;9,5;6,1;6
Namakwa DM: DC6;8,9;7,9;9,5;7,3;9,6;12,6;10,5
Ndlambe LM: EC105;12;12,1;12,8;13,8;13,5;14,7;11,9
Ndwedwe LM: KZN293;8,8;6,6;8,7;6,3;11,3;4,9;3,7
Newcastle LM: KZN252;10;10,8;5,6;7,9;5,6;4,3;5
Ngqushwa LM: EC126;15,4;7,2;11;8,5;12,8;12,3;5,1
Ngwathe LM: FS203;7,3;8,7;10,7;19,3;11,6;12;9
Nkandla LM: KZN286;6,1;3;4,2;2,3;2,7;3,8;0,52
Nkangala DM: DC31;13,6;11,8;11,1;9,4;9;7,8;5,3
Nketoana LM: FS193;6,1;6,6;11,1;10,1;12,4;9,2;5,2
Nkomazi LM: MP324;7,8;4,3;3,5;3;3,7;3,5;2
NM Molema DM: DC38;10,4;9,6;8,3;7,2;4;3,1;2,5
Nongoma LM: KZN265;1,9;1,1;2,5;2;0,85;0,55;0,74
North West: NW;14,3;11;9,2;7;5,3;4,8;3,5
Northern Cape: NC;11,8;14,8;16,4;16,2;14,8;14,3;9,5
Nquthu LM: KZN242;1;1,2;0,23;0,47;0,41;0,98;0
Ntabankulu LM: EC444;4,5;5,1;8,6;6,2;7,1;8,2;9
Nyandeni LM: EC155;12,6;11,9;9,4;9,9;10,1;8,4;6,1
Okhahlamba LM: KZN235;6,1;5,8;6,4;2,6;4;4,6;2,2
OR Tambo DM: DC15;14,5;12,5;11;9,3;10,6;8,6;6,1
Oudtshoorn LM: WC045;18;14,6;24;17;18,5;18,7;17,5
Overberg DM: DC3;9,8;12,3;8,3;9,2;25,2;25,5;15,5
Overstrand LM: WC032;10,1;16,4;9,5;10;14,1;14,7;10,2
Phokwane LM: NC094;13,6;17,8;18,3;15,7;17,6;13;10,4
Phumelela LM: FS195;9,3;5;0;12,5;18,2;11,8;12,2
Pixley Ka Seme DM: DC7;9,7;12,2;17;15,5;16,4;15,2;10,1
Polokwane LM: LIM354;10;5;6,8;5,7;2,9;1,6;0,93
Port St Johns LM: EC154;13,1;10,2;10,5;10;9,5;10,7;7,3
Prince Albert LM: WC052;9,9;9,2;9,2;36,1;32,1;17,6;18,5
R Moiloa LM: NW385;10,2;9,4;9,4;6,5;7,1;7,1;5
Rand West City LM: GT485;3,8;3,6;3,2;2,3;7,3;4,7;5
Ratlou LM: NW381;10,2;11,9;6,9;5,5;2,9;1,3;0,57
Ray Nkonyeni LM: KZN216;11,6;10,6;12,3;12,3;7,5;5,4;4,7
Raymond Mhlaba LM: EC129;13,9;11,3;16,4;16,1;16,7;15;13,2
Renosterberg LM: NC075;2,5;1,8;9,8;8,1;10,7;7,8;1,2
Richmond LM: KZN227;4;6,2;2;2,2;2,7;2,6;3,2
Richtersveld LM: NC061;13,3;12,2;13,2;13,1;14,3;17,9;16
RS Mompati DM: DC39;12,7;14,4;12,5;9,4;7,1;5,7;4
Rustenburg LM: NW373;14,2;8,5;8,7;6,4;5,8;5,4;5,1
Sakhisizwe LM: EC138;11;5,7;5,3;5,8;10,5;9,4;12,9
Saldanha Bay LM: WC014;17,1;13;16,1;20,7;13,8;21,1;15,6
Sarah Baartman DM: DC10;16,3;14,4;16,5;17,5;15,9;17;13,7
Sedibeng DM: DC42;11,7;8,2;9,1;9,5;7,4;7,6;5,7
Sekhukhune DM: DC47;8,4;7,7;6,3;4,5;6;5,2;6,1
Senqu LM: EC142;10,8;11,6;10,6;9,6;10,8;8,8;6
Setsoto LM: FS191;4;2;5,2;5,5;5,1;5,3;3,6
Siyancuma LM: NC078;13,6;14,2;18,1;16,5;17,5;14,2;8,7
Siyathemba LM: NC077;6,7;10,3;15,6;16,2;13,9;10,8;6,6
Sol Plaatje LM: NC091;15,3;17;19,4;20;16,5;12,7;10,1
South Africa: ZA;11,8;10,7;10;10,1;10,9;10,2;8,1
Stellenbosch LM: WC024;19,6;24,3;20,3;17,9;14,3;21,7;14,1
Steve Tshwete LM: MP313;15,6;12,5;8,9;7,1;9;7,9;4,7
Sundays River Valley LM: EC106;19,9;19;19,8;20,2;11,1;17;20,2
Swartland LM: WC015;11,4;7,6;9,3;11,1;16,6;19,8;17,8
Swellendam LM: WC034;5,9;4,8;5,3;14,3;20,7;18,6;11,2
T Mofutsanyana DM: DC19;8,2;5,6;6,1;6,8;7,8;6,7;5,4
Thaba Chweu LM: MP321;7,7;6,9;1,4;2,8;2,7;2,7;1,9
Thaba N'chu SD: MAN_Thaba;9,5;6,4;10,9;14,4;10,3;9,1;5,9
Thabazimbi LM: LIM361;5,3;3,7;1,1;2;1,5;2,3;1,3
Theewaterskloof LM: WC031;10,3;12,8;7,7;3,9;34,3;34;18,7
Thembelihle LM: NC076;3,2;12,6;12,1;9,9;7,7;8,5;3,5
Thembisile Hani LM: MP315;17,4;10,7;10,1;7,6;5,9;5,6;5,3
Thulamela LM: LIM343;11;5,4;2,5;1,5;2,5;3,2;1,4
Tokologo LM: FS182;8,3;14,8;16,3;16,5;12,5;7,2;4,4
Tsantsabane LM: NC085;18,6;14,9;20,5;14,2;11,5;15,6;5,8
Tshwane 1 SD: TSH_1;12,4;10,2;8,6;7,8;6,5;6;5,6
Tshwane 2 SD: TSH_2;12,7;9,8;6,1;5,6;4,7;6,4;4,8
Tshwane 3 SD: TSH_3;10,8;10,2;7,1;5,2;4,6;7,2;5,2
Tshwane 4 SD: TSH_4;14,8;11,6;13,7;11,5;16,4;15,8;11,7
Tshwane 5 SD: TSH_5;16;14,2;7,1;14,4;13,9;14,4;12,5
Tshwane 6 SD: TSH_6;18,4;15,6;10,5;8,2;6,4;7,5;6,8
Tshwane 7 SD: TSH_7;12,5;17;9,1;6,8;8,2;9,7;9,2
Tshwane MM: TSH;13,3;11,4;8,4;7,3;6,5;7,5;6,3
Tshwane MM: TSH_MM;13,3;11,4;8,4;7,3;6,5;7,5;6,3
Tswaing LM: NW382;10,7;10,4;11,3;9,6;8,2;4,7;4,8
Tswelopele LM: FS183;14,6;13,1;10,8;9,6;10,6;11,6;10,9
Ubuhlebezwe LM: KZN434;7,5;5,9;4,9;10,4;5,4;5,4;7,4
Ubuntu LM: NC071;12,3;9,3;20;23,2;28,6;21,6;12,8
Ugu DM: DC21;8,8;9,1;9,7;10,1;6,8;4,9;3,5
Ulundi LM: KZN266;3,3;5,1;3,6;1,9;3,8;2,4;1,5
Umdoni LM: KZN212;3,7;6,6;5,1;4,8;4,1;4;0,71
uMfolozi LM: KZN281;12,8;12,8;11,8;11,5;13,2;7,5;4,5
uMgungundlovu DM: DC22;8,2;6,6;7,8;6,7;5,7;5,5;3,9
Umhlabuyalingana LM: KZN271;5,1;2,3;3,5;0,87;1,4;1,4;0,47
uMkhanyakude DM: DC27;4,1;3,5;4,1;2,8;2,3;1,7;1,4
uMlalazi LM: KZN284;8,7;7,4;7,6;10,5;7;4,5;3,2
uMngeni LM: KZN222;13;9;6,6;9,4;3,4;0,62;2
uMshwathi LM: KZN221;5,8;11;13;8,5;8,5;5,2;3,4
Umsobomvu LM: NC072;13,5;18,3;13,8;19,5;17,4;20,9;15,8
uMuziwabantu LM: KZN214;9,2;7;8,8;11,2;8;6,6;4,3
Umvoti LM: KZN245;0,5;1,6;0,59;0;0,28;0;0
Umzimkhulu LM: KZN435;7,2;5,5;7,3;6,5;11,9;8;6,1
Umzimvubu LM: EC442;5,7;3,8;3,8;6,8;4,3;7,4;6,4
uMzinyathi DM: DC24;0,91;1,6;0,73;0,36;0,37;0,57;0,27
Umzumbe LM: KZN213;5,9;10,1;9,1;9,5;7,5;3;2,7
uPhongolo LM: KZN262;12,8;3,5;3,5;3,7;1,5;0,52;0,62
uThukela DM: DC23;9;6,1;5;4,5;5,6;6,3;3,8
Vhembe DM: DC34;12,6;9;5,6;3,7;4;3,3;1,6
Victor Khanye LM: MP311;14,6;16,3;14,2;13,6;9,8;14,9;8,7
Walter Sisulu LM: EC145;17;16,3;14,1;7,6;14,1;13,9;13,2
Waterberg DM: DC36;6,5;5,6;5,2;6,4;5;2,8;2
West Coast DM: DC1;12,1;9,5;12,3;15,6;15,5;18,2;15
West Rand DM: DC48;5,6;2,5;2,8;2,4;4,5;3,6;3,2
Western Cape: WC;17,1;15,9;14,7;17;20,9;19;14,7
Witzenberg LM: WC022;22,6;19,2;14,1;18,5;20,8;18,6;17,5
Xhariep DM: DC16;10;10,7;17,3;18,1;10,6;12,8;8,4
ZF Mgcawu DM: DC8;11,1;12,4;15;15,9;14,5;15,3;9,3
Zululand DM: DC26;3,7;3;3;2,4;2,1;1,4;0,92
