geo_area;geo_prov;All DS TB patients in cohort;DS TB patients who completed treatment or were cured;DS TB patients who died;DS TB patients who were lost to follow up;Medical scheme coverage (ave);Number of TB tests conducted;Percentage of target tested for TB;Population density;TB DS client lost to follow up rate;TB DS death rate;TB MDR client death rate;TB/HIV co-infected client on ART rate (ETR.Net)
!Kheis LM: NC084;NC;131;78;7;15;;;;;11,5;5,3;;92,5
A Nzo DM: DC44;EC;2644;1538;194;187;4,3;29214;61,904;83,862;7,1;7,3;12,9;96,02
Abaqulusi LM: KZN263;KZ;699;425;27;6;;;;;0,86;3,9;0;98,03
Alfred Duma LM: KZN238;KZ;849;493;51;47;;;;;5,5;6;;95,03
Amahlathi LM: EC124;EC;663;370;34;43;;;;;6,5;5,1;100;91,37
Amajuba DM: DC25;KZ;1916;995;92;90;7,18;36240;142,563;86,739;4,7;4,8;0;97,08
Amathole DM: DC12;EC;5231;2735;275;369;5,8;57192;89,03;39,979;7,1;5,3;17,4;94,96
Ba-Phalaborwa LM: LIM334;LP;234;110;9;14;;;;;6;3,8;;92,81
Beaufort West LM: WC053;WC;639;368;23;77;;;;;12,1;3,6;0;94,24
Bela-Bela LM: LIM366;LP;149;78;8;1;;;;;0,67;5,4;0;91,89
Bergrivier LM: WC013;WC;628;388;13;71;;;;;11,3;2,1;0;89,42
Big 5 Hlabisa LM: KZN276;KZ;499;248;13;3;;;;;0,6;2,6;0;96,39
Bitou LM: WC047;WC;468;246;16;79;;;;;16,9;3,4;0;90,42
Bloemfontein SD: MAN_Bloem;FS;1922;946;128;139;;;;;7,2;6,7;7,7;71,86
Blouberg LM: LIM351;LP;297;164;21;1;;;;;0,34;7,1;;95,97
Blue Crane Route LM: EC102;EC;376;250;15;34;;;;;9;4;;88,81
Bojanala Platinum DM: DC37;NW;3009;1937;196;142;14,93;49259;123,307;106,771;4,7;6,5;0;89,04
Botshabelo SD: MAN_Bot;FS;646;385;51;26;;;;;4;7,9;0;88,34
Breede Valley LM: WC025;WC;2029;1040;44;295;;;;;14,5;2,2;0;93,75
Buffalo City MM: BUF;EC;7006;4256;270;476;20,9;68828;60,547;320,33;6,8;3,9;6,8;96,98
Buffalo City MM: BUF_MM;EC;7006;4256;270;476;;;;;6,8;3,9;6,8;96,98
Buffalo City SD: BUF_SD;EC;7006;4256;270;476;;;;;6,8;3,9;6,8;96,98
Bushbuckridge LM: MP325;MP;1587;912;131;52;;;;;3,3;8,3;0;97,09
C Hani DM: DC13;EC;3340;2024;205;367;5,4;40018;72,839;20,668;11;6,1;4;94,16
Cape Agulhas LM: WC033;WC;273;115;18;62;;;;;22,7;6,6;0;89,55
Cape Town MM: CPT;WC;25202;14112;676;3654;27,8;238510;69,901;2034,557;14,5;2,7;0,6;96,21
Cape Town MM: CPT_MM;WC;25202;14112;676;3654;;;;;14,5;2,7;0,6;96,21
Cape Winelands DM: DC2;WC;8091;4484;196;1025;18,72;55280;58,602;47,221;12,7;2,4;0;89,62
Capricorn DM: DC35;LP;2288;1115;215;18;9,13;35585;146,362;66,435;0,79;9,4;0;91,5
Cederberg LM: WC012;WC;639;304;30;137;;;;;21,4;4,7;0;80,92
Central Karoo DM: DC5;WC;918;505;33;132;14,68;7551;87,965;2,004;14,4;3,6;0;94,03
Chief Albert Luthuli LM: MP301;MP;443;223;43;16;;;;;3,6;9,7;0;93,86
City of Ekurhuleni MM: EKU;GP;7294;3931;231;239;22,4;164421;118,276;2019,175;3,3;3,2;0;95,98
City of Matlosana LM: NW403;NW;1638;1167;46;21;;;;;1,3;2,8;28,6;91,04
City of Mbombela LM: MP326;MP;2088;1197;111;73;;;;;3,5;5,3;4;93,95
City of uMhlathuze LM: KZN282;KZ;2116;1053;154;56;;;;;2,6;7,3;0;96,76
Collins Chabane LM: LIM345;LP;344;254;28;2;;;;;0,58;8,1;0;95,86
CT Eastern SD: CPT_East;WC;3943;2184;111;648;;;;;16,4;2,8;0;97,74
CT Khayelitsha SD: CPT_Khaye;WC;3688;2196;113;417;;;;;11,3;3,1;0;99,06
CT Klipfontein SD: CPT_Klip;WC;3073;1693;70;468;;;;;15,2;2,3;0;91,83
CT Mitch Plain SD: CPT_Mitch;WC;3249;1946;81;357;;;;;11;2,5;4,5;97,97
CT Northern SD: CPT_North;WC;2195;1160;62;345;;;;;15,7;2,8;0;96,9
CT Southern SD: CPT_South;WC;2268;1213;47;349;;;;;15,4;2,1;0;93,95
CT Tygerberg SD: CPT_Tyger;WC;3885;2129;119;595;;;;;15,3;3,1;0;94,06
CT Western SD: CPT_West;WC;2901;1591;73;475;;;;;16,4;2,5;0;94,26
Dannhauser LM: KZN254;KZ;238;147;10;5;;;;;2,1;4,2;0;96,75
Dawid Kruiper LM: NC087;NC;882;461;60;64;;;;;7,3;6,8;3,7;95,65
Dihlabeng LM: FS192;FS;413;181;41;15;;;;;3,6;9,9;0;68,7
Dikgatlong LM: NC092;NC;317;193;11;2;;;;;0,63;3,5;;88,29
Dipaleseng LM: MP306;MP;83;50;6;4;;;;;4,8;7,2;;95,59
Ditsobotla LM: NW384;NW;569;381;24;28;;;;;4,9;4,2;;95,88
Dr B Naude LM: EC101;EC;656;364;38;51;;;;;7,8;5,8;0;94,79
Dr JS Moroka LM: MP316;MP;542;351;27;12;;;;;2,2;5;;94,49
Dr K Kaunda DM: DC40;NW;3010;2020;120;90;14,01;46537;85,572;54,972;3;4;28,6;88,97
Dr N Dlamini Zuma LM: KZN436;KZ;289;152;34;9;;;;;3,1;11,8;;95,19
Dr Pixley Ka Isaka Seme LM: MP304;MP;251;141;18;3;;;;;1,2;7,2;;96,97
Drakenstein LM: WC023;WC;2199;1241;59;217;;;;;9,9;2,7;0;89,67
E Motsoaledi LM: LIM472;LP;579;273;38;29;;;;;5;6,6;0;91,04
Eastern Cape: EC;EC;44457;25089;2056;4404;10,4;458852;68,862;42,5;9,9;4,6;6,5;96,16
eDumbe LM: KZN261;KZ;211;157;5;2;;;;;0,95;2,4;0;98,36
Ehlanzeni DM: DC32;MP;5453;3089;386;160;9,76;105019;137,283;69,011;2,9;7,1;3,2;95,24
Ekurhuleni E1 SD: EKU_E1;GP;1232;692;69;26;;;;;2,1;5,6;0;95,46
Ekurhuleni E2 SD: EKU_E2;GP;1089;564;30;23;;;;;2,1;2,8;0;96,95
Ekurhuleni N1 SD: EKU_N1;GP;1246;609;36;30;;;;;2,4;2,9;0;94,77
Ekurhuleni N2 SD: EKU_N2;GP;1091;658;31;31;;;;;2,8;2,8;0;93,48
Ekurhuleni S1 SD: EKU_S1;GP;1651;625;30;49;;;;;3;1,8;0;97,8
Ekurhuleni S2 SD: EKU_S2;GP;985;783;35;80;;;;;8,1;3,6;0;96,73
Elundini LM: EC141;EC;660;408;27;59;;;;;8,9;4,1;20;98,68
Emadlangeni LM: KZN253;KZ;246;108;17;13;;;;;5,3;6,9;0;93,46
Emakhazeni LM: MP314;MP;171;85;12;5;;;;;2,9;7;;94,64
Emalahleni LM: EC136;EC;471;295;33;39;;;;;8,3;7;0;92,02
Emalahleni LM: MP312;MP;878;490;39;62;;;;;7,1;4,4;;89,42
Emfuleni LM: GT421;GP;2242;1235;196;110;;;;;4,9;8,7;16,7;97,01
Emthanjeni LM: NC073;NC;303;157;21;42;;;;;13,9;6,9;;91,92
Endumeni LM: KZN241;KZ;214;109;22;1;;;;;0,47;10,3;;91,07
Engcobo LM: EC137;EC;499;318;27;80;;;;;16;5,4;0;98,13
Enoch Mgijima LM: EC139;EC;863;610;47;88;;;;;10,2;5,4;0;97,51
Ephraim Mogale LM: LIM471;LP;311;158;32;30;;;;;9,6;10,3;;77,38
eThekwini MM Sub: ETH_MM;KZ;17653;10023;771;1158;;;;;6,6;4,4;2,1;95,03
eThekwini MM: ETH;KZ;17653;10023;771;1158;20,97;225105;73,748;1702,588;6,6;4,4;2,1;95,03
Fetakgomo Tubatse LM: LIM476;LP;666;393;37;49;;;;;7,4;5,6;0;73,21
Fezile Dabi DM: DC20;FS;1722;815;104;128;15,2;20463;92,078;26,102;7,4;6;0;90,3
Frances Baard DM: DC9;NC;2579;1403;114;222;15,7;32316;84,084;34,54;8,6;4,4;7,5;88,84
Free State: FS;FS;9007;4714;674;666;12,5;92971;60,921;23,4;7,4;7,5;1,7;84,87
G Sibande DM: DC30;MP;2579;1439;162;90;10,54;57316;174,229;42,651;3,5;6,3;0;93,77
Gamagara LM: NC453;NC;122;61;4;34;;;;;27,9;3,3;;100
Garden Route DM: DC4;WC;5479;2792;196;986;20,79;47371;69,393;28,929;18;3,6;3,6;87,96
Ga-Segonyana LM: NC452;NC;702;255;36;58;;;;;8,3;5,1;;54,85
Gauteng: GP;GP;31553;16463;1624;1649;21,3;578006;131,685;876,4;5,2;5,1;4,8;92,6
George LM: WC044;WC;1984;1008;53;363;;;;;18,3;2,7;5,3;90,02
Govan Mbeki LM: MP307;MP;749;433;40;48;;;;;6,4;5,3;0;93,67
Gr Kokstad LM: KZN433;KZ;447;190;14;17;;;;;3,8;3,1;0;97,53
Great Kei LM: EC123;EC;206;133;8;29;;;;;14,1;3,9;;91,18
Greater Giyani LM: LIM331;LP;332;191;21;4;;;;;1,2;6,3;0;93,41
Greater Letaba LM: LIM332;LP;457;225;39;12;;;;;2,6;8,5;100;97,38
Greater Taung LM: NW394;NW;509;289;63;38;;;;;7,5;12,4;9,1;97,89
Greater Tzaneen LM: LIM333;LP;981;473;99;34;;;;;3,5;10,1;0;96,53
Hantam LM: NC065;NC;251;147;6;33;;;;;13,1;2,4;;94,44
Harry Gwala DM: DC43;KZ;1682;905;109;89;5,24;40904;208,64;50,294;5,3;6,5;0;95,75
Hessequa LM: WC042;WC;316;179;17;37;;;;;11,7;5,4;0;90
iLembe DM: DC29;KZ;3120;1808;215;204;6,51;46547;135,615;225,029;6,5;6,9;0;97,06
Impendle LM: KZN224;KZ;35;39;1;2;;;;;5,7;2,9;;100
Ingquza Hill LM: EC153;EC;2049;1140;91;96;;;;;4,7;4,4;0;97,27
Inkosi Langalibalele LM: KZN237;KZ;391;238;36;5;;;;;1,3;9,2;0;99,55
Intsika Yethu LM: EC135;EC;474;331;21;42;;;;;8,9;4,4;;98,86
Inxuba Yethemba LM: EC131;EC;638;343;48;67;;;;;10,5;7,5;0;95,32
JB Marks LM: NW405;NW;839;526;47;40;;;;;4,8;5,6;;82,17
Joe Gqabi DM: DC14;EC;1627;972;97;153;5,5;38899;190,385;14,395;9,4;6;8,3;95,93
Joe Morolong LM: NC451;NC;351;258;24;30;;;;;8,5;6,8;;97,12
Johannesburg A SD: JHB_A;GP;1333;942;33;74;;;;;5,6;2,5;0;93,05
Johannesburg B SD: JHB_B;GP;1231;434;65;49;;;;;4;5,3;0;95,11
Johannesburg C SD: JHB_C;GP;735;530;34;93;;;;;12,7;4,6;0;95,26
Johannesburg D SD: JHB_D;GP;3889;1718;270;174;;;;;4,5;6,9;4,3;94,74
Johannesburg E SD: JHB_E;GP;1264;647;74;51;;;;;4;5,9;3,2;89,38
Johannesburg F SD: JHB_F;GP;1712;877;94;145;;;;;8,5;5,5;0;88,78
Johannesburg G SD: JHB_G;GP;1368;1181;87;110;;;;;8;6,4;0;91,15
Johannesburg MM: JHB;GP;11532;6329;657;696;19,8;198630;115,988;3548,277;6;5,7;2,6;92,74
Johannesburg MM: JHB_MM;GP;11532;6329;657;696;;;;;6;5,7;2,6;92,74
Jozini LM: KZN272;KZ;458;275;19;8;;;;;1,7;4,1;0;95,11
JT Gaetsewe DM: DC45;NC;1175;574;64;122;14,64;11228;64,241;10,589;10,4;5,4;;71,16
Kagisano-Molopo LM: NW397;NW;541;325;31;24;;;;;4,4;5,7;;98,08
Kai !Garib LM: NC082;NC;521;260;25;71;;;;;13,6;4,8;;93,42
Kamiesberg LM: NC064;NC;67;39;1;7;;;;;10,4;1,5;;69,23
Kannaland LM: WC041;WC;335;185;8;45;;;;;13,4;2,4;0;90
Kareeberg LM: NC074;NC;74;39;2;6;;;;;8,1;2,7;;95,24
Karoo Hoogland LM: NC066;NC;82;52;2;10;;;;;12,2;2,4;;100
Kgatelopele LM: NC086;NC;69;42;9;7;;;;;10,1;13;;94,12
Kgetlengrivier LM: NW374;NW;320;229;30;12;;;;;3,8;9,4;0;81,77
Khâi-Ma LM: NC067;NC;100;63;6;8;;;;;8;6;;95,24
King Cetshwayo DM: DC28;KZ;4010;2179;286;107;6,74;84760;203,966;123,435;2,7;7,1;0;97,18
King Sabata Dalindyebo LM: EC157;EC;2898;1594;101;173;;;;;6;3,5;9,1;98,19
Knysna LM: WC048;WC;595;286;32;122;;;;;20,5;5,4;0;88,44
Kopanong LM: FS162;FS;193;109;17;21;;;;;10,9;8,8;0;93,22
Kouga LM: EC108;EC;1432;803;48;207;;;;;14,5;3,4;7,1;95,8
Kou-Kamma LM: EC109;EC;524;249;14;93;;;;;17,7;2,7;;94,31
KwaDukuza LM: KZN292;KZ;1768;914;117;126;;;;;7,1;6,6;0;96,59
KwaZulu-Natal: KZ;KZ;42896;24341;2157;2034;10,2;908393;147,339;130,5;4,7;5;1,6;96,08
Laingsburg LM: WC051;WC;68;24;4;16;;;;;23,5;5,9;;94,12
Langeberg LM: WC026;WC;1488;912;25;140;;;;;9,4;1,7;0;90,44
Lejweleputswa DM: DC18;FS;1947;1041;152;206;14;17162;45,953;21,559;10,6;7,8;0;91,15
Lekwa LM: MP305;MP;244;143;19;3;;;;;1,2;7,8;;95,77
Lekwa-Teemane LM: NW396;NW;289;193;19;14;;;;;4,8;6,6;;95,24
Lepelle-Nkumpi LM: LIM355;LP;415;196;26;4;;;;;0,96;6,3;0;95,65
Lephalale LM: LIM362;LP;322;193;21;6;;;;;1,9;6,5;0;81,62
Lesedi LM: GT423;GP;420;153;32;35;;;;;8,3;7,6;0;97,48
Letsemeng LM: FS161;FS;200;110;13;16;;;;;8;6,5;0;96,08
Limpopo: LP;LP;10103;5068;811;272;10;117749;99,763;50,9;2,7;8;6,4;89,87
Madibeng LM: NW372;NW;843;548;61;35;;;;;4,2;7,2;0;94,16
Mafube LM: FS205;FS;136;70;12;5;;;;;3,7;8,8;0;70,69
Magareng LM: NC093;NC;123;85;11;3;;;;;2,4;8,9;;98,28
Mahikeng LM: NW383;NW;1224;592;36;8;;;;;0,65;2,9;0;82,88
Makana LM: EC104;EC;686;364;33;79;;;;;11,5;4,8;;94,42
Makhado LM: LIM344;LP;1017;414;104;18;;;;;1,8;10,2;0;80,22
Makhuduthamaga LM: LIM473;LP;445;202;46;14;;;;;3,1;10,3;20;91,34
Maluti-a-Phofung LM: FS194;FS;823;444;69;51;;;;;6,2;8,4;0;84,16
Mamusa LM: NW393;NW;275;160;14;4;;;;;1,5;5,1;;97,83
Mandeni LM: KZN291;KZ;568;390;31;46;;;;;8,1;5,5;0;98,64
Mangaung MM: MAN;FS;2924;1548;204;184;18,7;25441;47,514;86,386;6,3;7;4,3;77,7
Mangaung MM: MAN_MM;FS;2924;1548;204;184;;;;;6,3;7;4,3;77,7
Mantsopa LM: FS196;FS;129;80;11;10;;;;;7,8;8,5;;90,14
Maphumulo LM: KZN294;KZ;402;267;28;18;;;;;4,5;7;;97,02
Maquassi Hills LM: NW404;NW;533;327;27;29;;;;;5,4;5,1;;94,14
Maruleng LM: LIM335;LP;171;80;12;5;;;;;2,9;7;;96,77
Masilonyana LM: FS181;FS;140;83;10;17;;;;;12,1;7,1;;93,65
Matatiele LM: EC441;EC;618;366;47;35;;;;;5,7;7,6;12,9;96,68
Matjhabeng LM: FS184;FS;1352;635;111;144;;;;;10,7;8,2;0;89,38
Matzikama LM: WC011;WC;913;558;34;88;;;;;9,6;3,7;0;83,96
Mbhashe LM: EC121;EC;1441;720;77;50;;;;;3,5;5,3;23,1;96,61
Mbizana LM: EC443;EC;740;472;46;59;;;;;8;6,2;;97,2
Merafong City LM: GT484;GP;482;261;26;22;;;;;4,6;5,4;0;96,19
Metsimaholo LM: FS204;FS;384;222;22;17;;;;;4,4;5,7;0;87,82
Mhlontlo LM: EC156;EC;960;476;50;79;;;;;8,2;5,2;0;96,07
Midvaal LM: GT422;GP;100;122;8;13;;;;;13;8;0;100
Mkhambathini LM: KZN226;KZ;100;97;6;4;;;;;4;6;;95,12
Mkhondo LM: MP303;MP;390;223;13;5;;;;;1,3;3,3;;92,57
Mnquma LM: EC122;EC;1278;662;63;60;;;;;4,7;4,9;0;97,23
Mogalakwena LM: LIM367;LP;605;307;49;15;;;;;2,5;8,1;;93,36
Mogale City LM: GT481;GP;1362;426;46;29;;;;;2,1;3,4;0;97,49
Mohokare LM: FS163;FS;203;94;11;13;;;;;6,4;5,4;;87,18
Molemole LM: LIM353;LP;183;121;17;0;;;;;0;9,3;;97,03
Mookgophong/Modimolle LM: LIM368;LP;224;123;14;5;;;;;2,2;6,3;0;89,61
Mopani DM: DC33;LP;2175;1079;180;69;7,93;14276;56,103;64,687;3,2;8,3;14,3;95,8
Moqhaka LM: FS201;FS;758;311;35;66;;;;;8,7;4,6;0;95,16
Moretele LM: NW371;NW;200;207;15;12;;;;;6;7,5;;97,2
Moses Kotane LM: NW375;NW;486;218;54;24;;;;;4,9;11,1;0;96,3
Mossel Bay LM: WC043;WC;861;428;43;179;;;;;20,8;5;0;84,15
Mpofana LM: KZN223;KZ;47;43;1;0;;;;;0;2,1;0;96,67
Mpumalanga: MP;MP;11042;6227;713;409;10,4;207987;130,582;66,1;3,7;6,5;2,1;94,15
Msinga LM: KZN244;KZ;307;193;21;2;;;;;0,65;6,8;;97,58
Msukaligwa LM: MP302;MP;419;226;23;11;;;;;2,6;5,5;0;91,72
Msunduzi LM: KZN225;KZ;2770;1433;99;115;;;;;4,2;3,6;3,7;94,38
Mthonjaneni LM: KZN285;KZ;224;128;11;5;;;;;2,2;4,9;0;97,76
Mtubatuba LM: KZN275;KZ;388;349;16;11;;;;;2,8;4,1;;98,35
Musina LM: LIM341;LP;203;98;14;5;;;;;2,5;6,9;;80,83
N Mandela A SD: NMA_A;EC;3635;2095;168;659;;;;;18,1;4,6;0;96,6
N Mandela B SD: NMA_B;EC;2997;1757;171;517;;;;;17,3;5,7;5,5;96,2
N Mandela Bay MM: NMA;EC;10888;6174;431;1631;21,3;84831;50,183;645,062;15;4;4,7;96,07
N Mandela Bay MM: NMA_MM;EC;10888;6174;431;1631;;;;;15;4;4,7;96,07
N Mandela C SD: NMA_C;EC;4256;2322;92;455;;;;;10,7;2,2;0;95,31
Nala LM: FS185;FS;181;135;21;21;;;;;11,6;11,6;;97,1
Naledi LM: NW392;NW;392;246;12;1;;;;;0,26;3,1;0;91,03
Naledi SD: MAN_Naledi;FS;50;37;1;1;;;;;2;2;;100
Nama Khoi LM: NC062;NC;250;136;15;15;;;;;6;6;;61,11
Namakwa DM: DC6;NC;856;486;34;90;15,75;10629;99,945;1,009;10,5;4;;79,35
Ndlambe LM: EC105;EC;616;301;19;73;;;;;11,9;3,1;0;96,07
Ndwedwe LM: KZN293;KZ;382;237;39;14;;;;;3,7;10,2;0;96,49
Newcastle LM: KZN252;KZ;1432;740;65;72;;;;;5;4,5;0;97,81
Ngqushwa LM: EC126;EC;375;203;35;19;;;;;5,1;9,3;;96,46
Ngwathe LM: FS203;FS;444;212;35;40;;;;;9;7,9;0;92,22
Nkandla LM: KZN286;KZ;381;213;34;2;;;;;0,52;8,9;;97,31
Nkangala DM: DC31;MP;3010;1699;165;159;10,62;45652;91,521;105,885;5,3;5,5;0;92,11
Nketoana LM: FS193;FS;97;68;17;5;;;;;5,2;17,5;0;100
Nkomazi LM: MP324;MP;1213;746;86;24;;;;;2;7,1;;95,01
NM Molema DM: DC38;NW;2794;1703;95;70;11,34;23244;46,802;32,572;2,5;3,4;0;90,02
Nongoma LM: KZN265;KZ;677;366;54;5;;;;;0,74;8;0;97,12
North West: NW;NW;10819;6873;550;383;13,7;141396;79,566;39,6;3,5;5,1;6,8;90,26
Northern Cape: NC;NC;7755;4146;412;737;15,9;85079;68,301;3,7;9,5;5,3;6;86,72
Nquthu LM: KZN242;KZ;306;182;27;0;;;;;0;8,8;0;97,84
Ntabankulu LM: EC444;EC;422;243;35;38;;;;;9;8,3;;95,6
Nyandeni LM: EC155;EC;1566;750;68;95;;;;;6,1;4,3;0;97,34
Okhahlamba LM: KZN235;KZ;273;163;18;6;;;;;2,2;6,6;;96,4
OR Tambo DM: DC15;EC;8669;4652;375;530;4,7;87758;72,947;135,657;6,1;4,3;3,8;97,72
Oudtshoorn LM: WC045;WC;920;460;27;161;;;;;17,5;2,9;20;79,67
Overberg DM: DC3;WC;2695;1471;82;419;19,84;24086;94,461;26,715;15,5;3;0;89,4
Overstrand LM: WC032;WC;773;489;17;79;;;;;10,2;2,2;0;81,08
Phokwane LM: NC094;NC;547;312;27;57;;;;;10,4;4,9;;88,4
Phumelela LM: FS195;FS;49;45;7;6;;;;;12,2;14,3;;95,45
Pixley Ka Seme DM: DC7;NC;1319;741;78;133;14,12;12142;50,149;2,086;10,1;5,9;;91,35
Polokwane LM: LIM354;LP;1393;634;151;13;;;;;0,93;10,8;0;88,93
Port St Johns LM: EC154;EC;1196;692;65;87;;;;;7,3;5,4;0;98,93
Prince Albert LM: WC052;WC;211;113;6;39;;;;;18,5;2,8;0;93,33
R Moiloa LM: NW385;NW;261;171;14;13;;;;;5;5,4;0;94,05
Rand West City LM: GT485;GP;483;394;19;24;;;;;5;3,9;0;93,99
Ratlou LM: NW381;NW;348;281;13;2;;;;;0,57;3,7;0;95,65
Ray Nkonyeni LM: KZN216;KZ;1983;1043;73;93;;;;;4,7;3,7;0;97,01
Raymond Mhlaba LM: EC129;EC;1268;647;58;168;;;;;13,2;4,6;;93,36
Renosterberg LM: NC075;NC;82;65;3;1;;;;;1,2;3,7;;96,97
Richmond LM: KZN227;KZ;277;178;15;9;;;;;3,2;5,4;;96,88
Richtersveld LM: NC061;NC;106;49;4;17;;;;;16;3,8;;89,66
RS Mompati DM: DC39;NW;2006;1213;139;81;9,47;22356;66,315;10,867;4;6,9;8,3;95,95
Rustenburg LM: NW373;NW;1160;735;36;59;;;;;5,1;3,1;0;83,36
Sakhisizwe LM: EC138;EC;395;127;29;51;;;;;12,9;7,3;33,3;75,35
Saldanha Bay LM: WC014;WC;841;443;32;131;;;;;15,6;3,8;;89,66
Sarah Baartman DM: DC10;EC;5052;2738;209;691;10,3;52112;68,111;8,936;13,7;4,1;3,6;94,58
Sedibeng DM: DC42;GP;2762;1510;236;158;18,69;53822;182,777;254,054;5,7;8,5;13,3;97,17
Sekhukhune DM: DC47;LP;2001;1026;153;122;7,77;20245;105,189;97,423;6,1;7,6;10;82,01
Senqu LM: EC142;EC;466;291;33;28;;;;;6;7,1;0;94,03
Setsoto LM: FS191;FS;307;179;28;11;;;;;3,6;9,1;0;93,51
Siyancuma LM: NC078;NC;241;137;14;21;;;;;8,7;5,8;;93,98
Siyathemba LM: NC077;NC;183;118;7;12;;;;;6,6;3,8;;96,08
Sol Plaatje LM: NC091;NC;1592;813;65;160;;;;;10,1;4,1;7,5;88,31
South Africa: ZA;ZA;213950;118432;10316;17359;15,5;2991134;98,191;51,618;8,1;4,8;3,7;93,49
Stellenbosch LM: WC024;WC;1258;680;41;178;;;;;14,1;3,3;0;83,43
Steve Tshwete LM: MP313;MP;491;253;37;23;;;;;4,7;7,5;;94,93
Sundays River Valley LM: EC106;EC;762;407;42;154;;;;;20,2;5,5;;93,92
Swartland LM: WC015;WC;912;454;27;162;;;;;17,8;3;0;87,11
Swellendam LM: WC034;WC;409;221;18;46;;;;;11,2;4,4;0;100
T Mofutsanyana DM: DC19;FS;1818;997;173;98;11,2;22571;73,389;24,974;5,4;9,5;0;83,13
Thaba Chweu LM: MP321;MP;565;234;58;11;;;;;1,9;10,3;;95,56
Thaba N'chu SD: MAN_Thaba;FS;306;180;24;18;;;;;5,9;7,8;0;94,95
Thabazimbi LM: LIM361;LP;150;124;7;2;;;;;1,3;4,7;0;100
Theewaterskloof LM: WC031;WC;1240;646;29;232;;;;;18,7;2,3;0;92,39
Thembelihle LM: NC076;NC;115;74;4;4;;;;;3,5;3,5;;95,45
Thembisile Hani LM: MP315;MP;698;402;42;37;;;;;5,3;6;;89,23
Thulamela LM: LIM343;LP;625;257;18;9;;;;;1,4;2,9;33,3;93,79
Tokologo LM: FS182;FS;91;66;5;4;;;;;4,4;5,5;;100
Tsantsabane LM: NC085;NC;223;101;21;13;;;;;5,8;9,4;;88,89
Tshwane 1 SD: TSH_1;GP;2359;1131;178;132;;;;;5,6;7,5;66,7;78,33
Tshwane 2 SD: TSH_2;GP;944;502;28;45;;;;;4,8;3;0;91,05
Tshwane 3 SD: TSH_3;GP;2205;823;93;114;;;;;5,2;4,2;11,1;84,78
Tshwane 4 SD: TSH_4;GP;333;223;13;39;;;;;11,7;3,9;;94,81
Tshwane 5 SD: TSH_5;GP;384;272;17;48;;;;;12,5;4,4;;97,49
Tshwane 6 SD: TSH_6;GP;1120;530;51;76;;;;;6,8;4,6;0;91,09
Tshwane 7 SD: TSH_7;GP;293;131;29;27;;;;;9,2;9,9;;94,12
Tshwane MM: TSH;GP;7638;3612;409;481;30;118508;174,778;637,18;6,3;5,4;16,7;86,02
Tshwane MM: TSH_MM;GP;7638;3612;409;481;;;;;6,3;5,4;16,7;86,02
Tswaing LM: NW382;NW;392;278;8;19;;;;;4,8;2;0;100
Tswelopele LM: FS183;FS;183;122;5;20;;;;;10,9;2,7;;94,52
Ubuhlebezwe LM: KZN434;KZ;393;216;23;29;;;;;7,4;5,9;0;90,85
Ubuntu LM: NC071;NC;125;70;6;16;;;;;12,8;4,8;;100
Ugu DM: DC21;KZ;3903;2048;152;136;7,09;63958;133,811;174,852;3,5;3,9;0;97,77
Ulundi LM: KZN266;KZ;537;363;24;8;;;;;1,5;4,5;0;96,92
Umdoni LM: KZN212;KZ;850;370;21;6;;;;;0,71;2,5;0;98,44
uMfolozi LM: KZN281;KZ;242;207;24;11;;;;;4,5;9,9;;97,6
uMgungundlovu DM: DC22;KZ;3616;2068;144;141;7,94;114939;219,382;127,755;3,9;4;3,6;95,04
Umhlabuyalingana LM: KZN271;KZ;426;267;11;2;;;;;0,47;2,6;0;95
uMkhanyakude DM: DC27;KZ;1771;1139;59;24;4,74;91205;390,243;52,275;1,4;3,3;0;96,25
uMlalazi LM: KZN284;KZ;1047;578;63;33;;;;;3,2;6;0;97,76
uMngeni LM: KZN222;KZ;153;128;3;3;;;;;2;2;;97,92
uMshwathi LM: KZN221;KZ;234;150;19;8;;;;;3,4;8,1;;99,08
Umsobomvu LM: NC072;NC;196;81;21;31;;;;;15,8;10,7;;76,32
uMuziwabantu LM: KZN214;KZ;517;247;35;22;;;;;4,3;6,8;;97,55
Umvoti LM: KZN245;KZ;276;196;19;0;;;;;0;6,9;0;99,09
Umzimkhulu LM: KZN435;KZ;553;347;38;34;;;;;6,1;6,9;0;97,45
Umzimvubu LM: EC442;EC;864;457;66;55;;;;;6,4;7,6;;94,48
uMzinyathi DM: DC24;KZ;1103;680;89;3;5,24;65767;378,041;71,722;0,27;8,1;0;96,49
Umzumbe LM: KZN213;KZ;553;388;23;15;;;;;2,7;4,2;;99,35
uPhongolo LM: KZN262;KZ;485;291;25;3;;;;;0,62;5,2;25;98,57
uThukela DM: DC23;KZ;1513;894;105;58;6,16;35123;180,495;66,467;3,8;6,9;0;96,45
Vhembe DM: DC34;LP;2189;1023;164;34;7,99;31636;136,872;59,735;1,6;7,5;10;86,1
Victor Khanye LM: MP311;MP;230;118;8;20;;;;;8,7;3,5;0;97,2
Walter Sisulu LM: EC145;EC;501;273;37;66;;;;;13,2;7,4;0;93,78
Waterberg DM: DC36;LP;1450;825;99;29;9,65;16007;61,779;18,238;2;6,8;0;91,05
West Coast DM: DC1;WC;3933;2147;136;589;18,46;27903;51,315;15,818;15;3,5;0;86,12
West Rand DM: DC48;GP;2327;1081;91;75;21,72;42625;135,685;252,973;3,2;3,9;0;96,54
Western Cape: WC;WC;46318;25511;1319;6805;25,4;400701;67,656;58,4;14,7;2,8;0,96;93,22
Witzenberg LM: WC022;WC;1117;611;27;195;;;;;17,5;2,4;0;88,08
Xhariep DM: DC16;FS;596;313;41;50;12,5;7334;83,914;3,998;8,4;6,9;0;92,47
ZF Mgcawu DM: DC8;NC;1826;942;122;170;15,8;18764;55,505;2,892;9,3;6,7;3,7;93,67
Zululand DM: DC26;KZ;2609;1602;135;24;5,17;103845;346,455;62,424;0,92;5,2;5,3;97,73
